INSERT INTO departement(id, nom, id_stock)
     VALUES (1, 'Département Nord', 4);INSERT INTO opportunite(id,
                        commentaire,
                        date_debut,
                        date_fin,
                        descriptif,
                        etat,
                        collab,
                        activite,
                        staffeur)
     VALUES (1,
             'une opportunité de rêve',
             '2016-06-02',
             '2016-08-01',
             'il ne faut pas passer à côté',
             'CV_ENVOYE',
             1,
             12,
             5);INSERT INTO opportunite(id,
                        commentaire,
                        date_debut,
                        date_fin,
                        descriptif,
                        etat,
                        collab,
                        activite,
                        staffeur)
     VALUES (2,
             'opportunite cool',
             '2017-01-01',
             '2017-03-01',
             'à valider rapidement',
             'ATTENTE_CLIENT',
             6,
             17,
             1);INSERT INTO faq_theme(id, libelle, faq_theme_suivant_id)
     VALUES (1, 'Le troisième thème', NULL);INSERT INTO faq_theme(id, libelle, faq_theme_suivant_id)
     VALUES (2, 'Le deuxième thème', 1);INSERT INTO faq_theme(id, libelle, faq_theme_suivant_id)
     VALUES (3, 'Le premier thème', 2);INSERT INTO formation(id,
                      commentaire,
                      date_debut,
                      date_fin,
                      collab)
     VALUES (1,
             'formation directeur technique à Paris',
             '2016-03-01',
             '2016-03-05',
             1);INSERT INTO agence(id, nom, departement_id)
     VALUES (1, 'Agence Banque', 1);INSERT INTO agence(id, nom, departement_id)
     VALUES (2, 'Agence Retail', 1);INSERT INTO agence(id, nom, departement_id)
     VALUES (3, 'Departement TS Nord', 1);INSERT INTO agence(id, nom, departement_id)
     VALUES (4, 'Agence Pht', 1);INSERT INTO agence(id, nom, departement_id)
     VALUES (5, 'Direction Technique', 1);INSERT INTO agence(id, nom, departement_id)
     VALUES (6, 'Resource Management', 1);INSERT INTO agence(id, nom, departement_id)
     VALUES (7, 'Assistantes', 1);INSERT INTO agence(id, nom, departement_id)
     VALUES (8, 'Commerce', 1);INSERT INTO gcm(id,
                code,
                libelle,
                niveau,
                filiere_id)
     VALUES (1,
             'BSM',
             'Business Manager',
             6,
             1);INSERT INTO gcm(id,
                code,
                libelle,
                niveau,
                filiere_id)
     VALUES (2,
             'BSM',
             'Business Manager',
             7,
             1);INSERT INTO gcm(id,
                code,
                libelle,
                niveau,
                filiere_id)
     VALUES (3,
             'BSM',
             'Business Manager',
             8,
             1);INSERT INTO gcm(id,
                code,
                libelle,
                niveau,
                filiere_id)
     VALUES (4,
             'BSM',
             'Business Manager',
             9,
             1);INSERT INTO gcm(id,
                code,
                libelle,
                niveau,
                filiere_id)
     VALUES (5,
             'FUM',
             'Manager Fonctionnel',
             6,
             1);INSERT INTO gcm(id,
                code,
                libelle,
                niveau,
                filiere_id)
     VALUES (6,
             'FUM',
             'Manager Fonctionnel',
             7,
             1);INSERT INTO gcm(id,
                code,
                libelle,
                niveau,
                filiere_id)
     VALUES (7,
             'FUM',
             'Manager Fonctionnel',
             8,
             1);INSERT INTO gcm(id,
                code,
                libelle,
                niveau,
                filiere_id)
     VALUES (8,
             'FUM',
             'Manager Fonctionnel',
             9,
             1);INSERT INTO gcm(id,
                code,
                libelle,
                niveau,
                filiere_id)
     VALUES (9,
             'PM',
             'Chef de Projet',
             4,
             1);INSERT INTO gcm(id,
                code,
                libelle,
                niveau,
                filiere_id)
     VALUES (10,
             'PM',
             'Chef de Projet',
             5,
             1);INSERT INTO gcm(id,
                code,
                libelle,
                niveau,
                filiere_id)
     VALUES (11,
             'PM',
             'Chef de Projet Senior',
             6,
             1);INSERT INTO gcm(id,
                code,
                libelle,
                niveau,
                filiere_id)
     VALUES (12,
             'PM',
             'Directeur de Projet',
             7,
             1);INSERT INTO gcm(id,
                code,
                libelle,
                niveau,
                filiere_id)
     VALUES (13,
             'PM',
             'Directeur de Projet',
             8,
             1);INSERT INTO gcm(id,
                code,
                libelle,
                niveau,
                filiere_id)
     VALUES (14,
             'PM',
             'Directeur de Projet',
             9,
             1);INSERT INTO gcm(id,
                code,
                libelle,
                niveau,
                filiere_id)
     VALUES (15,
             'PRM',
             'Direction de Programme',
             8,
             1);INSERT INTO gcm(id,
                code,
                libelle,
                niveau,
                filiere_id)
     VALUES (16,
             'PRM',
             'Direction de Programme',
             9,
             1);INSERT INTO gcm(id,
                code,
                libelle,
                niveau,
                filiere_id)
     VALUES (17,
             'AD',
             'Réalisateur',
             1,
             2);INSERT INTO gcm(id,
                code,
                libelle,
                niveau,
                filiere_id)
     VALUES (18,
             'AD',
             'Concepteur / Réalisateur',
             2,
             2);INSERT INTO gcm(id,
                code,
                libelle,
                niveau,
                filiere_id)
     VALUES (19,
             'AD',
             'Concepteur / Réalisateur',
             3,
             2);INSERT INTO gcm(id,
                code,
                libelle,
                niveau,
                filiere_id)
     VALUES (20,
             'AD',
             'Concepteur / Réalisateur',
             4,
             2);INSERT INTO gcm(id,
                code,
                libelle,
                niveau,
                filiere_id)
     VALUES (21,
             'AD',
             'Concepteur / Réalisateur',
             5,
             2);INSERT INTO gcm(id,
                code,
                libelle,
                niveau,
                filiere_id)
     VALUES (22,
             'AD',
             'Concepteur / Réalisateur',
             6,
             2);INSERT INTO gcm(id,
                code,
                libelle,
                niveau,
                filiere_id)
     VALUES (23,
             'AEM',
             'Chargé d''Applications / Solutions',
             2,
             2);INSERT INTO gcm(id,
                code,
                libelle,
                niveau,
                filiere_id)
     VALUES (24,
             'AEM',
             'Chargé d''Applications / Solutions',
             3,
             2);INSERT INTO gcm(id,
                code,
                libelle,
                niveau,
                filiere_id)
     VALUES (25,
             'AEM',
             'Chargé d''Applications / Solutions',
             4,
             2);INSERT INTO gcm(id,
                code,
                libelle,
                niveau,
                filiere_id)
     VALUES (26,
             'AEM',
             'Chargé d''Applications / Solutions',
             5,
             2);INSERT INTO gcm(id,
                code,
                libelle,
                niveau,
                filiere_id)
     VALUES (27,
             'AEM',
             'Chargé d''Applications / Solutions',
             6,
             2);INSERT INTO gcm(id,
                code,
                libelle,
                niveau,
                filiere_id)
     VALUES (28,
             'ARC',
             'Architecte',
             5,
             2);INSERT INTO gcm(id,
                code,
                libelle,
                niveau,
                filiere_id)
     VALUES (29,
             'ARC',
             'Architecte',
             6,
             2);INSERT INTO gcm(id,
                code,
                libelle,
                niveau,
                filiere_id)
     VALUES (30,
             'ARC',
             'Architecte',
             7,
             2);INSERT INTO gcm(id,
                code,
                libelle,
                niveau,
                filiere_id)
     VALUES (31,
             'ARC',
             'Architecte',
             8,
             2);INSERT INTO gcm(id,
                code,
                libelle,
                niveau,
                filiere_id)
     VALUES (32,
             'ASP',
             'Spécialiste d''Application',
             1,
             2);INSERT INTO gcm(id,
                code,
                libelle,
                niveau,
                filiere_id)
     VALUES (33,
             'ASP',
             'Spécialiste d''Application',
             2,
             2);INSERT INTO gcm(id,
                code,
                libelle,
                niveau,
                filiere_id)
     VALUES (34,
             'ASP',
             'Spécialiste d''Application',
             3,
             2);INSERT INTO gcm(id,
                code,
                libelle,
                niveau,
                filiere_id)
     VALUES (35,
             'ASP',
             'Spécialiste d''Application',
             4,
             2);INSERT INTO gcm(id,
                code,
                libelle,
                niveau,
                filiere_id)
     VALUES (36,
             'ASP',
             'Spécialiste d''Application',
             5,
             2);INSERT INTO gcm(id,
                code,
                libelle,
                niveau,
                filiere_id)
     VALUES (37,
             'IA',
             'Analyste Fonctionnel',
             2,
             2);INSERT INTO gcm(id,
                code,
                libelle,
                niveau,
                filiere_id)
     VALUES (38,
             'IA',
             'Analyste Fonctionnel',
             3,
             2);INSERT INTO gcm(id,
                code,
                libelle,
                niveau,
                filiere_id)
     VALUES (39,
             'IA',
             'Analyste Fonctionnel',
             4,
             2);INSERT INTO gcm(id,
                code,
                libelle,
                niveau,
                filiere_id)
     VALUES (40,
             'IA',
             'Analyste Fonctionnel',
             5,
             2);INSERT INTO gcm(id,
                code,
                libelle,
                niveau,
                filiere_id)
     VALUES (41,
             'IA',
             'Analyste Fonctionnel',
             6,
             2);INSERT INTO gcm(id,
                code,
                libelle,
                niveau,
                filiere_id)
     VALUES (42,
             'SE',
             'Software Engineer',
             1,
             2);INSERT INTO gcm(id,
                code,
                libelle,
                niveau,
                filiere_id)
     VALUES (43,
             'SE',
             'Software Engineer',
             2,
             2);INSERT INTO gcm(id,
                code,
                libelle,
                niveau,
                filiere_id)
     VALUES (44,
             'SE',
             'Software Engineer',
             3,
             2);INSERT INTO gcm(id,
                code,
                libelle,
                niveau,
                filiere_id)
     VALUES (45,
             'SE',
             'Software Engineer',
             4,
             2);INSERT INTO gcm(id,
                code,
                libelle,
                niveau,
                filiere_id)
     VALUES (46,
             'SE',
             'Software Engineer',
             5,
             2);INSERT INTO gcm(id,
                code,
                libelle,
                niveau,
                filiere_id)
     VALUES (47,
             'SE',
             'Software Engineer',
             6,
             2);INSERT INTO gcm(id,
                code,
                libelle,
                niveau,
                filiere_id)
     VALUES (48,
             'TE',
             'Testeur / Recetteur',
             1,
             2);INSERT INTO gcm(id,
                code,
                libelle,
                niveau,
                filiere_id)
     VALUES (49,
             'TE',
             'Testeur / Recetteur',
             2,
             2);INSERT INTO gcm(id,
                code,
                libelle,
                niveau,
                filiere_id)
     VALUES (50,
             'TE',
             'Testeur / Recetteur',
             3,
             2);INSERT INTO gcm(id,
                code,
                libelle,
                niveau,
                filiere_id)
     VALUES (51,
             'TE',
             'Testeur / Recetteur',
             4,
             2);INSERT INTO gcm(id,
                code,
                libelle,
                niveau,
                filiere_id)
     VALUES (52,
             'TE',
             'Testeur / Recetteur',
             5,
             2);INSERT INTO gcm(id,
                code,
                libelle,
                niveau,
                filiere_id)
     VALUES (53,
             'TEC',
             'Expert Technique',
             4,
             2);INSERT INTO gcm(id,
                code,
                libelle,
                niveau,
                filiere_id)
     VALUES (54,
             'TEC',
             'Expert Technique',
             5,
             2);INSERT INTO gcm(id,
                code,
                libelle,
                niveau,
                filiere_id)
     VALUES (55,
             'TEC',
             'Expert Technique',
             6,
             2);INSERT INTO gcm(id,
                code,
                libelle,
                niveau,
                filiere_id)
     VALUES (56,
             'TEC',
             'Expert Technique',
             7,
             2);INSERT INTO gcm(id,
                code,
                libelle,
                niveau,
                filiere_id)
     VALUES (57,
             'TI',
             'Intégrateur',
             1,
             2);INSERT INTO gcm(id,
                code,
                libelle,
                niveau,
                filiere_id)
     VALUES (58,
             'TI',
             'Intégrateur',
             2,
             2);INSERT INTO gcm(id,
                code,
                libelle,
                niveau,
                filiere_id)
     VALUES (59,
             'TI',
             'Intégrateur',
             3,
             2);INSERT INTO gcm(id,
                code,
                libelle,
                niveau,
                filiere_id)
     VALUES (60,
             'TI',
             'Intégrateur',
             4,
             2);INSERT INTO gcm(id,
                code,
                libelle,
                niveau,
                filiere_id)
     VALUES (61,
             'TI',
             'Intégrateur',
             5,
             2);INSERT INTO gcm(id,
                code,
                libelle,
                niveau,
                filiere_id)
     VALUES (62,
             'TI',
             'Intégrateur',
             6,
             2);INSERT INTO gcm(id,
                code,
                libelle,
                niveau,
                filiere_id)
     VALUES (63,
             'APM',
             'Application production Management',
             2,
             3);INSERT INTO gcm(id,
                code,
                libelle,
                niveau,
                filiere_id)
     VALUES (64,
             'APM',
             'Application production Management',
             3,
             3);INSERT INTO gcm(id,
                code,
                libelle,
                niveau,
                filiere_id)
     VALUES (65,
             'APM',
             'Application production Management',
             4,
             3);INSERT INTO gcm(id,
                code,
                libelle,
                niveau,
                filiere_id)
     VALUES (66,
             'APM',
             'Application production Management',
             5,
             3);INSERT INTO gcm(id,
                code,
                libelle,
                niveau,
                filiere_id)
     VALUES (67,
             'BO',
             'Opérateur Back Office',
             1,
             3);INSERT INTO gcm(id,
                code,
                libelle,
                niveau,
                filiere_id)
     VALUES (68,
             'BO',
             'Opérateur Back Office',
             2,
             3);INSERT INTO gcm(id,
                code,
                libelle,
                niveau,
                filiere_id)
     VALUES (69,
             'BO',
             'Opérateur Back Office',
             3,
             3);INSERT INTO gcm(id,
                code,
                libelle,
                niveau,
                filiere_id)
     VALUES (70,
             'BO',
             'Opérateur Back Office',
             4,
             3);INSERT INTO gcm(id,
                code,
                libelle,
                niveau,
                filiere_id)
     VALUES (71,
             'BO',
             'Opérateur Back Office',
             5,
             3);INSERT INTO gcm(id,
                code,
                libelle,
                niveau,
                filiere_id)
     VALUES (72,
             'CCCS',
             'Centre de Contact Service Client',
             1,
             3);INSERT INTO gcm(id,
                code,
                libelle,
                niveau,
                filiere_id)
     VALUES (73,
             'CCCS',
             'Centre de Contact Service Client',
             2,
             3);INSERT INTO gcm(id,
                code,
                libelle,
                niveau,
                filiere_id)
     VALUES (74,
             'CCCS',
             'Centre de Contact Service Client',
             3,
             3);INSERT INTO gcm(id,
                code,
                libelle,
                niveau,
                filiere_id)
     VALUES (75,
             'CCCS',
             'Centre de Contact Service Client',
             4,
             3);INSERT INTO gcm(id,
                code,
                libelle,
                niveau,
                filiere_id)
     VALUES (76,
             'CCCS',
             'Centre de Contact Service Client',
             5,
             3);INSERT INTO gcm(id,
                code,
                libelle,
                niveau,
                filiere_id)
     VALUES (77,
             'DBA',
             'Adm. Bases de Données',
             1,
             3);INSERT INTO gcm(id,
                code,
                libelle,
                niveau,
                filiere_id)
     VALUES (78,
             'DBA',
             'Adm. Bases de Données',
             2,
             3);INSERT INTO gcm(id,
                code,
                libelle,
                niveau,
                filiere_id)
     VALUES (79,
             'DBA',
             'Adm. Bases de Données',
             3,
             3);INSERT INTO gcm(id,
                code,
                libelle,
                niveau,
                filiere_id)
     VALUES (80,
             'DBA',
             'Adm. Bases de Données',
             4,
             3);INSERT INTO gcm(id,
                code,
                libelle,
                niveau,
                filiere_id)
     VALUES (81,
             'DBA',
             'Adm. Bases de Données',
             5,
             3);INSERT INTO gcm(id,
                code,
                libelle,
                niveau,
                filiere_id)
     VALUES (82,
             'IN',
             'Installation & Test',
             1,
             3);INSERT INTO gcm(id,
                code,
                libelle,
                niveau,
                filiere_id)
     VALUES (83,
             'IN',
             'Installation & Test',
             2,
             3);INSERT INTO gcm(id,
                code,
                libelle,
                niveau,
                filiere_id)
     VALUES (84,
             'IN',
             'Installation & Test',
             3,
             3);INSERT INTO gcm(id,
                code,
                libelle,
                niveau,
                filiere_id)
     VALUES (85,
             'IN',
             'Installation & Test',
             4,
             3);INSERT INTO gcm(id,
                code,
                libelle,
                niveau,
                filiere_id)
     VALUES (86,
             'LOG',
             'Support Logistique',
             1,
             3);INSERT INTO gcm(id,
                code,
                libelle,
                niveau,
                filiere_id)
     VALUES (87,
             'LOG',
             'Support Logistique',
             2,
             3);INSERT INTO gcm(id,
                code,
                libelle,
                niveau,
                filiere_id)
     VALUES (88,
             'NE',
             'Ingénieur Réseaux',
             3,
             3);INSERT INTO gcm(id,
                code,
                libelle,
                niveau,
                filiere_id)
     VALUES (89,
             'NE',
             'Ingénieur Réseaux',
             4,
             3);INSERT INTO gcm(id,
                code,
                libelle,
                niveau,
                filiere_id)
     VALUES (90,
             'NE',
             'Ingénieur Réseaux',
             5,
             3);INSERT INTO gcm(id,
                code,
                libelle,
                niveau,
                filiere_id)
     VALUES (91,
             'NE',
             'Ingénieur Réseaux',
             6,
             3);INSERT INTO gcm(id,
                code,
                libelle,
                niveau,
                filiere_id)
     VALUES (92,
             'NE',
             'Ingénieur Réseaux',
             7,
             3);INSERT INTO gcm(id,
                code,
                libelle,
                niveau,
                filiere_id)
     VALUES (93,
             'NOM',
             'Gestion Opérationnelle Réseaux',
             1,
             3);INSERT INTO gcm(id,
                code,
                libelle,
                niveau,
                filiere_id)
     VALUES (94,
             'NOM',
             'Gestion Opérationnelle Réseaux',
             2,
             3);INSERT INTO gcm(id,
                code,
                libelle,
                niveau,
                filiere_id)
     VALUES (95,
             'NOM',
             'Gestion Opérationnelle Réseaux',
             3,
             3);INSERT INTO gcm(id,
                code,
                libelle,
                niveau,
                filiere_id)
     VALUES (96,
             'NOM',
             'Gestion Opérationnelle Réseaux',
             4,
             3);INSERT INTO gcm(id,
                code,
                libelle,
                niveau,
                filiere_id)
     VALUES (97,
             'NOM',
             'Gestion Opérationnelle Réseaux',
             5,
             3);INSERT INTO gcm(id,
                code,
                libelle,
                niveau,
                filiere_id)
     VALUES (98,
             'NOM',
             'Gestion Opérationnelle Réseaux',
             6,
             3);INSERT INTO gcm(id,
                code,
                libelle,
                niveau,
                filiere_id)
     VALUES (99,
             'OA',
             'Analyse d''exploitation',
             1,
             3);INSERT INTO gcm(id,
                code,
                libelle,
                niveau,
                filiere_id)
     VALUES (100,
             'OA',
             'Analyse d''exploitation',
             2,
             3);INSERT INTO gcm(id,
                code,
                libelle,
                niveau,
                filiere_id)
     VALUES (101,
             'OA',
             'Analyse d''exploitation',
             3,
             3);INSERT INTO gcm(id,
                code,
                libelle,
                niveau,
                filiere_id)
     VALUES (102,
             'OA',
             'Analyse d''exploitation',
             4,
             3);INSERT INTO gcm(id,
                code,
                libelle,
                niveau,
                filiere_id)
     VALUES (103,
             'OA',
             'Analyse d''exploitation',
             5,
             3);INSERT INTO gcm(id,
                code,
                libelle,
                niveau,
                filiere_id)
     VALUES (104,
             'OA',
             'Analyse d''exploitation',
             6,
             3);INSERT INTO gcm(id,
                code,
                libelle,
                niveau,
                filiere_id)
     VALUES (105,
             'OCAE',
             'Technicien Exploitation',
             1,
             3);INSERT INTO gcm(id,
                code,
                libelle,
                niveau,
                filiere_id)
     VALUES (106,
             'OCAE',
             'Technicien Exploitation',
             2,
             3);INSERT INTO gcm(id,
                code,
                libelle,
                niveau,
                filiere_id)
     VALUES (107,
             'OCAE',
             'Technicien Exploitation',
             3,
             3);INSERT INTO gcm(id,
                code,
                libelle,
                niveau,
                filiere_id)
     VALUES (108,
             'OCAE',
             'Chef d''Equipe Technicien d''Exploitation',
             4,
             3);INSERT INTO gcm(id,
                code,
                libelle,
                niveau,
                filiere_id)
     VALUES (109,
             'PSM',
             'Process Manager',
             4,
             3);INSERT INTO gcm(id,
                code,
                libelle,
                niveau,
                filiere_id)
     VALUES (110,
             'PSM',
             'Process Manager',
             5,
             3);INSERT INTO gcm(id,
                code,
                libelle,
                niveau,
                filiere_id)
     VALUES (111,
             'PSM',
             'Process Manager',
             6,
             3);INSERT INTO gcm(id,
                code,
                libelle,
                niveau,
                filiere_id)
     VALUES (112,
             'RSM',
             'Ressource Planner',
             3,
             3);INSERT INTO gcm(id,
                code,
                libelle,
                niveau,
                filiere_id)
     VALUES (113,
             'RSM',
             'Ressource Planner',
             4,
             3);INSERT INTO gcm(id,
                code,
                libelle,
                niveau,
                filiere_id)
     VALUES (114,
             'RSM',
             'Ressource Planner',
             5,
             3);INSERT INTO gcm(id,
                code,
                libelle,
                niveau,
                filiere_id)
     VALUES (115,
             'RSM',
             'Ressource Planner',
             6,
             3);INSERT INTO gcm(id,
                code,
                libelle,
                niveau,
                filiere_id)
     VALUES (116,
             'RSM',
             'Ressource Planner',
             7,
             3);INSERT INTO gcm(id,
                code,
                libelle,
                niveau,
                filiere_id)
     VALUES (117,
             'SDM',
             'Directeur de Compte',
             5,
             3);INSERT INTO gcm(id,
                code,
                libelle,
                niveau,
                filiere_id)
     VALUES (118,
             'SDM',
             'Directeur de Compte',
             6,
             3);INSERT INTO gcm(id,
                code,
                libelle,
                niveau,
                filiere_id)
     VALUES (119,
             'SDM',
             'Directeur de Compte',
             7,
             3);INSERT INTO gcm(id,
                code,
                libelle,
                niveau,
                filiere_id)
     VALUES (120,
             'SDM',
             'Directeur de Compte',
             8,
             3);INSERT INTO gcm(id,
                code,
                libelle,
                niveau,
                filiere_id)
     VALUES (121,
             'SDM',
             'Directeur de Compte',
             9,
             3);INSERT INTO gcm(id,
                code,
                libelle,
                niveau,
                filiere_id)
     VALUES (122,
             'SDS',
             'Support - Gestion de service',
             2,
             3);INSERT INTO gcm(id,
                code,
                libelle,
                niveau,
                filiere_id)
     VALUES (123,
             'SDS',
             'Support - Gestion de service',
             3,
             3);INSERT INTO gcm(id,
                code,
                libelle,
                niveau,
                filiere_id)
     VALUES (124,
             'SDS',
             'Support - Gestion de service',
             4,
             3);INSERT INTO gcm(id,
                code,
                libelle,
                niveau,
                filiere_id)
     VALUES (125,
             'SDS',
             'Support - Gestion de service',
             5,
             3);INSERT INTO gcm(id,
                code,
                libelle,
                niveau,
                filiere_id)
     VALUES (126,
             'SEF',
             'Support 1er Niveau',
             1,
             3);INSERT INTO gcm(id,
                code,
                libelle,
                niveau,
                filiere_id)
     VALUES (127,
             'SEF',
             'Support 1er Niveau',
             2,
             3);INSERT INTO gcm(id,
                code,
                libelle,
                niveau,
                filiere_id)
     VALUES (128,
             'SEF',
             'Support 1er Niveau',
             3,
             3);INSERT INTO gcm(id,
                code,
                libelle,
                niveau,
                filiere_id)
     VALUES (129,
             'SEF',
             'Support 1er Niveau',
             4,
             3);INSERT INTO gcm(id,
                code,
                libelle,
                niveau,
                filiere_id)
     VALUES (130,
             'SEF',
             'Support 1er Niveau',
             5,
             3);INSERT INTO gcm(id,
                code,
                libelle,
                niveau,
                filiere_id)
     VALUES (131,
             'SES',
             'Support 2ème Niveau',
             1,
             3);INSERT INTO gcm(id,
                code,
                libelle,
                niveau,
                filiere_id)
     VALUES (132,
             'SES',
             'Support 2ème Niveau',
             2,
             3);INSERT INTO gcm(id,
                code,
                libelle,
                niveau,
                filiere_id)
     VALUES (133,
             'SES',
             'Support 2ème Niveau',
             3,
             3);INSERT INTO gcm(id,
                code,
                libelle,
                niveau,
                filiere_id)
     VALUES (134,
             'SES',
             'Support 2ème Niveau',
             4,
             3);INSERT INTO gcm(id,
                code,
                libelle,
                niveau,
                filiere_id)
     VALUES (135,
             'SES',
             'Support 2ème Niveau',
             5,
             3);INSERT INTO gcm(id,
                code,
                libelle,
                niveau,
                filiere_id)
     VALUES (136,
             'SM',
             'Gestion Système',
             2,
             3);INSERT INTO gcm(id,
                code,
                libelle,
                niveau,
                filiere_id)
     VALUES (137,
             'SM',
             'Gestion Système',
             3,
             3);INSERT INTO gcm(id,
                code,
                libelle,
                niveau,
                filiere_id)
     VALUES (138,
             'SM',
             'Gestion Système',
             4,
             3);INSERT INTO gcm(id,
                code,
                libelle,
                niveau,
                filiere_id)
     VALUES (139,
             'SM',
             'Gestion Système',
             5,
             3);INSERT INTO gcm(id,
                code,
                libelle,
                niveau,
                filiere_id)
     VALUES (140,
             'TEN',
             'Concepteur Technique',
             2,
             3);INSERT INTO gcm(id,
                code,
                libelle,
                niveau,
                filiere_id)
     VALUES (141,
             'TEN',
             'Concepteur Technique',
             3,
             3);INSERT INTO gcm(id,
                code,
                libelle,
                niveau,
                filiere_id)
     VALUES (142,
             'TEN',
             'Concepteur Technique',
             4,
             3);INSERT INTO gcm(id,
                code,
                libelle,
                niveau,
                filiere_id)
     VALUES (143,
             'TEN',
             'Concepteur Technique',
             5,
             3);INSERT INTO gcm(id,
                code,
                libelle,
                niveau,
                filiere_id)
     VALUES (144,
             'TEN',
             'Concepteur Technique',
             6,
             3);INSERT INTO gcm(id,
                code,
                libelle,
                niveau,
                filiere_id)
     VALUES (145,
             'TEN',
             'Concepteur Technique',
             7,
             3);INSERT INTO gcm(id,
                code,
                libelle,
                niveau,
                filiere_id)
     VALUES (146,
             'BMC',
             'Support Conseil Fonctionnel',
             2,
             4);INSERT INTO gcm(id,
                code,
                libelle,
                niveau,
                filiere_id)
     VALUES (147,
             'BMC',
             'Support Conseil Fonctionnel',
             3,
             4);INSERT INTO gcm(id,
                code,
                libelle,
                niveau,
                filiere_id)
     VALUES (148,
             'BMC',
             'Support Conseil Fonctionnel',
             4,
             4);INSERT INTO gcm(id,
                code,
                libelle,
                niveau,
                filiere_id)
     VALUES (149,
             'BMC',
             'Consultant Fonctionnel',
             5,
             4);INSERT INTO gcm(id,
                code,
                libelle,
                niveau,
                filiere_id)
     VALUES (150,
             'BMC',
             'Consultant Fonctionnel',
             6,
             4);INSERT INTO gcm(id,
                code,
                libelle,
                niveau,
                filiere_id)
     VALUES (151,
             'BMC',
             'Consultant Fonctionnel',
             7,
             4);INSERT INTO gcm(id,
                code,
                libelle,
                niveau,
                filiere_id)
     VALUES (152,
             'BMC',
             'Consultant Fonctionnel',
             8,
             4);INSERT INTO gcm(id,
                code,
                libelle,
                niveau,
                filiere_id)
     VALUES (153,
             'EC',
             'Consultant Progiciel',
             2,
             4);INSERT INTO gcm(id,
                code,
                libelle,
                niveau,
                filiere_id)
     VALUES (154,
             'EC',
             'Consultant Progiciel',
             3,
             4);INSERT INTO gcm(id,
                code,
                libelle,
                niveau,
                filiere_id)
     VALUES (155,
             'EC',
             'Consultant Progiciel',
             4,
             4);INSERT INTO gcm(id,
                code,
                libelle,
                niveau,
                filiere_id)
     VALUES (156,
             'EC',
             'Consultant Progiciel',
             5,
             4);INSERT INTO gcm(id,
                code,
                libelle,
                niveau,
                filiere_id)
     VALUES (157,
             'EC',
             'Consultant Progiciel',
             6,
             4);INSERT INTO gcm(id,
                code,
                libelle,
                niveau,
                filiere_id)
     VALUES (158,
             'EC',
             'Consultant Progiciel',
             7,
             4);INSERT INTO gcm(id,
                code,
                libelle,
                niveau,
                filiere_id)
     VALUES (159,
             'EC',
             'Consultant Progiciel',
             8,
             4);INSERT INTO gcm(id,
                code,
                libelle,
                niveau,
                filiere_id)
     VALUES (160,
             'ICC',
             'Consultant Technique',
             2,
             4);INSERT INTO gcm(id,
                code,
                libelle,
                niveau,
                filiere_id)
     VALUES (161,
             'ICC',
             'Consultant Technique',
             3,
             4);INSERT INTO gcm(id,
                code,
                libelle,
                niveau,
                filiere_id)
     VALUES (162,
             'ICC',
             'Consultant Technique',
             4,
             4);INSERT INTO gcm(id,
                code,
                libelle,
                niveau,
                filiere_id)
     VALUES (163,
             'ICC',
             'Consultant Technique',
             5,
             4);INSERT INTO gcm(id,
                code,
                libelle,
                niveau,
                filiere_id)
     VALUES (164,
             'ICC',
             'Consultant Technique',
             6,
             4);INSERT INTO gcm(id,
                code,
                libelle,
                niveau,
                filiere_id)
     VALUES (165,
             'ICC',
             'Consultant Technique',
             7,
             4);INSERT INTO gcm(id,
                code,
                libelle,
                niveau,
                filiere_id)
     VALUES (166,
             'ICC',
             'Consultant Technique',
             8,
             4);INSERT INTO gcm(id,
                code,
                libelle,
                niveau,
                filiere_id)
     VALUES (167,
             'SCM',
             'Conseil en Sécurité',
             3,
             4);INSERT INTO gcm(id,
                code,
                libelle,
                niveau,
                filiere_id)
     VALUES (168,
             'SCM',
             'Conseil en Sécurité',
             4,
             4);INSERT INTO gcm(id,
                code,
                libelle,
                niveau,
                filiere_id)
     VALUES (169,
             'SCM',
             'Conseil en Sécurité',
             5,
             4);INSERT INTO gcm(id,
                code,
                libelle,
                niveau,
                filiere_id)
     VALUES (170,
             'SCM',
             'Conseil en Sécurité',
             6,
             4);INSERT INTO gcm(id,
                code,
                libelle,
                niveau,
                filiere_id)
     VALUES (171,
             'SCM',
             'Conseil en Sécurité',
             7,
             4);INSERT INTO gcm(id,
                code,
                libelle,
                niveau,
                filiere_id)
     VALUES (172,
             'SCM',
             'Conseil en Sécurité',
             8,
             4);INSERT INTO gcm(id,
                code,
                libelle,
                niveau,
                filiere_id)
     VALUES (173,
             'SCM',
             'Conseil en Sécurité',
             9,
             4);INSERT INTO gcm(id,
                code,
                libelle,
                niveau,
                filiere_id)
     VALUES (174,
             'QM',
             'Gestion de la Qualité',
             4,
             5);INSERT INTO gcm(id,
                code,
                libelle,
                niveau,
                filiere_id)
     VALUES (175,
             'QM',
             'Gestion de la Qualité',
             5,
             5);INSERT INTO gcm(id,
                code,
                libelle,
                niveau,
                filiere_id)
     VALUES (176,
             'QM',
             'Gestion de la Qualité',
             6,
             5);INSERT INTO gcm(id,
                code,
                libelle,
                niveau,
                filiere_id)
     VALUES (177,
             'QM',
             'Gestion de la Qualité',
             7,
             5);INSERT INTO gcm(id,
                code,
                libelle,
                niveau,
                filiere_id)
     VALUES (178,
             'RM',
             'Gestion des Risques',
             6,
             5);INSERT INTO gcm(id,
                code,
                libelle,
                niveau,
                filiere_id)
     VALUES (179,
             'RM',
             'Gestion des Risques',
             7,
             5);INSERT INTO gcm(id,
                code,
                libelle,
                niveau,
                filiere_id)
     VALUES (180,
             'RM',
             'Gestion des Risques',
             8,
             5);INSERT INTO gcm(id,
                code,
                libelle,
                niveau,
                filiere_id)
     VALUES (181,
             'RM',
             'Gestion des Risques',
             9,
             5);INSERT INTO gcm(id,
                code,
                libelle,
                niveau,
                filiere_id)
     VALUES (182,
             'BMG',
             'Bid Manager',
             5,
             6);INSERT INTO gcm(id,
                code,
                libelle,
                niveau,
                filiere_id)
     VALUES (183,
             'BMG',
             'Bid Manager',
             6,
             6);INSERT INTO gcm(id,
                code,
                libelle,
                niveau,
                filiere_id)
     VALUES (184,
             'BMG',
             'Bid Manager',
             7,
             6);INSERT INTO gcm(id,
                code,
                libelle,
                niveau,
                filiere_id)
     VALUES (185,
             'BMG',
             'Bid Manager',
             8,
             6);INSERT INTO gcm(id,
                code,
                libelle,
                niveau,
                filiere_id)
     VALUES (186,
             'CM',
             'Gestion des Contrats',
             3,
             6);INSERT INTO gcm(id,
                code,
                libelle,
                niveau,
                filiere_id)
     VALUES (187,
             'CM',
             'Gestion des Contrats',
             4,
             6);INSERT INTO gcm(id,
                code,
                libelle,
                niveau,
                filiere_id)
     VALUES (188,
             'CM',
             'Gestion des Contrats',
             5,
             6);INSERT INTO gcm(id,
                code,
                libelle,
                niveau,
                filiere_id)
     VALUES (189,
             'CM',
             'Gestion des Contrats',
             6,
             6);INSERT INTO gcm(id,
                code,
                libelle,
                niveau,
                filiere_id)
     VALUES (190,
             'CM',
             'Gestion des Contrats',
             7,
             6);INSERT INTO gcm(id,
                code,
                libelle,
                niveau,
                filiere_id)
     VALUES (191,
             'CM',
             'Gestion des Contrats',
             8,
             6);INSERT INTO gcm(id,
                code,
                libelle,
                niveau,
                filiere_id)
     VALUES (192,
             'CM',
             'Gestion des Contrats',
             9,
             6);INSERT INTO gcm(id,
                code,
                libelle,
                niveau,
                filiere_id)
     VALUES (193,
             'MKT',
             'Assistant Marketing',
             2,
             6);INSERT INTO gcm(id,
                code,
                libelle,
                niveau,
                filiere_id)
     VALUES (194,
             'MKT',
             'Assistant Marketing',
             3,
             6);INSERT INTO gcm(id,
                code,
                libelle,
                niveau,
                filiere_id)
     VALUES (195,
             'MKT',
             'Assistant Marketing',
             4,
             6);INSERT INTO gcm(id,
                code,
                libelle,
                niveau,
                filiere_id)
     VALUES (196,
             'MKT',
             'Marketeer',
             5,
             6);INSERT INTO gcm(id,
                code,
                libelle,
                niveau,
                filiere_id)
     VALUES (197,
             'MKT',
             'Marketeer',
             6,
             6);INSERT INTO gcm(id,
                code,
                libelle,
                niveau,
                filiere_id)
     VALUES (198,
             'MKT',
             'Marketing Manager',
             7,
             6);INSERT INTO gcm(id,
                code,
                libelle,
                niveau,
                filiere_id)
     VALUES (199,
             'MKT',
             'Marketing Manager',
             8,
             6);INSERT INTO gcm(id,
                code,
                libelle,
                niveau,
                filiere_id)
     VALUES (200,
             'SCL',
             'Commerce et management du client',
             3,
             6);INSERT INTO gcm(id,
                code,
                libelle,
                niveau,
                filiere_id)
     VALUES (201,
             'SCL',
             'Commerce et management du client',
             4,
             6);INSERT INTO gcm(id,
                code,
                libelle,
                niveau,
                filiere_id)
     VALUES (202,
             'SCL',
             'Commerce et management du client',
             5,
             6);INSERT INTO gcm(id,
                code,
                libelle,
                niveau,
                filiere_id)
     VALUES (203,
             'SCL',
             'Commerce et management du client',
             6,
             6);INSERT INTO gcm(id,
                code,
                libelle,
                niveau,
                filiere_id)
     VALUES (204,
             'SCL',
             'Commerce et management du client',
             7,
             6);INSERT INTO gcm(id,
                code,
                libelle,
                niveau,
                filiere_id)
     VALUES (205,
             'SCL',
             'Commerce et management du client',
             8,
             6);INSERT INTO gcm(id,
                code,
                libelle,
                niveau,
                filiere_id)
     VALUES (206,
             'SCL',
             'Commerce et management du client',
             9,
             6);INSERT INTO gcm(id,
                code,
                libelle,
                niveau,
                filiere_id)
     VALUES (207,
             'SOL',
             'Solution Manager',
             3,
             6);INSERT INTO gcm(id,
                code,
                libelle,
                niveau,
                filiere_id)
     VALUES (208,
             'SOL',
             'Solution Manager',
             4,
             6);INSERT INTO gcm(id,
                code,
                libelle,
                niveau,
                filiere_id)
     VALUES (209,
             'SOL',
             'Solution Manager',
             5,
             6);INSERT INTO gcm(id,
                code,
                libelle,
                niveau,
                filiere_id)
     VALUES (210,
             'SOL',
             'Solution Manager',
             6,
             6);INSERT INTO gcm(id,
                code,
                libelle,
                niveau,
                filiere_id)
     VALUES (211,
             'SOL',
             'Solution Manager',
             7,
             6);INSERT INTO gcm(id,
                code,
                libelle,
                niveau,
                filiere_id)
     VALUES (212,
             'SOL',
             'Solution Manager',
             8,
             6);INSERT INTO gcm(id,
                code,
                libelle,
                niveau,
                filiere_id)
     VALUES (213,
             'ET',
             'Formateur',
             2,
             7);INSERT INTO gcm(id,
                code,
                libelle,
                niveau,
                filiere_id)
     VALUES (214,
             'ET',
             'Formateur',
             3,
             7);INSERT INTO gcm(id,
                code,
                libelle,
                niveau,
                filiere_id)
     VALUES (215,
             'ET',
             'Formateur',
             4,
             7);INSERT INTO gcm(id,
                code,
                libelle,
                niveau,
                filiere_id)
     VALUES (216,
             'ET',
             'Formateur',
             5,
             7);INSERT INTO gcm(id,
                code,
                libelle,
                niveau,
                filiere_id)
     VALUES (217,
             'ET',
             'Formateur',
             6,
             7);INSERT INTO gcm(id,
                code,
                libelle,
                niveau,
                filiere_id)
     VALUES (218,
             'ET',
             'Formateur',
             7,
             7);INSERT INTO gcm(id,
                code,
                libelle,
                niveau,
                filiere_id)
     VALUES (219,
             'AMA',
             'Asset Management Administrator',
             3,
             8);INSERT INTO gcm(id,
                code,
                libelle,
                niveau,
                filiere_id)
     VALUES (220,
             'AMA',
             'Asset Management Administrator',
             4,
             8);INSERT INTO gcm(id,
                code,
                libelle,
                niveau,
                filiere_id)
     VALUES (221,
             'AMA',
             'Asset Manager',
             5,
             8);INSERT INTO gcm(id,
                code,
                libelle,
                niveau,
                filiere_id)
     VALUES (222,
             'AMA',
             'Asset Manager',
             6,
             8);INSERT INTO gcm(id,
                code,
                libelle,
                niveau,
                filiere_id)
     VALUES (223,
             'GA',
             'Graphiste',
             2,
             8);INSERT INTO gcm(id,
                code,
                libelle,
                niveau,
                filiere_id)
     VALUES (224,
             'GA',
             'Graphiste',
             3,
             8);INSERT INTO gcm(id,
                code,
                libelle,
                niveau,
                filiere_id)
     VALUES (225,
             'GA',
             'Graphiste',
             4,
             8);INSERT INTO gcm(id,
                code,
                libelle,
                niveau,
                filiere_id)
     VALUES (226,
             'PO',
             'Planification Projet',
             2,
             8);INSERT INTO gcm(id,
                code,
                libelle,
                niveau,
                filiere_id)
     VALUES (227,
             'PO',
             'Planification Projet',
             3,
             8);INSERT INTO gcm(id,
                code,
                libelle,
                niveau,
                filiere_id)
     VALUES (228,
             'PO',
             'Planification Projet',
             4,
             8);INSERT INTO gcm(id,
                code,
                libelle,
                niveau,
                filiere_id)
     VALUES (229,
             'HRBP',
             'Human Ressources Business Partner',
             4,
             9);INSERT INTO gcm(id,
                code,
                libelle,
                niveau,
                filiere_id)
     VALUES (230,
             'HRBP',
             'Human Ressources Business Partner',
             5,
             9);INSERT INTO gcm(id,
                code,
                libelle,
                niveau,
                filiere_id)
     VALUES (231,
             'HRBP',
             'Human Ressources Business Partner',
             6,
             9);INSERT INTO gcm(id,
                code,
                libelle,
                niveau,
                filiere_id)
     VALUES (232,
             'HRBP',
             'Human Ressources Business Partner',
             7,
             9);INSERT INTO gcm(id,
                code,
                libelle,
                niveau,
                filiere_id)
     VALUES (233,
             'HRBP',
             'Human Ressources Business Partner',
             8,
             9);INSERT INTO gcm(id,
                code,
                libelle,
                niveau,
                filiere_id)
     VALUES (234,
             'HRBP',
             'Human Ressources Business Partner',
             9,
             9);INSERT INTO gcm(id,
                code,
                libelle,
                niveau,
                filiere_id)
     VALUES (235,
             'HRS',
             'Support RH',
             1,
             9);INSERT INTO gcm(id,
                code,
                libelle,
                niveau,
                filiere_id)
     VALUES (236,
             'HRS',
             'Support RH',
             2,
             9);INSERT INTO gcm(id,
                code,
                libelle,
                niveau,
                filiere_id)
     VALUES (237,
             'HRS',
             'Support RH',
             3,
             9);INSERT INTO gcm(id,
                code,
                libelle,
                niveau,
                filiere_id)
     VALUES (238,
             'HRS',
             'Support RH',
             4,
             9);INSERT INTO gcm(id,
                code,
                libelle,
                niveau,
                filiere_id)
     VALUES (239,
             'HRS',
             'Support RH',
             5,
             9);INSERT INTO gcm(id,
                code,
                libelle,
                niveau,
                filiere_id)
     VALUES (240,
             'HRSP',
             'Conseil / Expertise RH',
             3,
             9);INSERT INTO gcm(id,
                code,
                libelle,
                niveau,
                filiere_id)
     VALUES (241,
             'HRSP',
             'Conseil / Expertise RH',
             4,
             9);INSERT INTO gcm(id,
                code,
                libelle,
                niveau,
                filiere_id)
     VALUES (242,
             'HRSP',
             'Conseil / Expertise RH',
             5,
             9);INSERT INTO gcm(id,
                code,
                libelle,
                niveau,
                filiere_id)
     VALUES (243,
             'HRSP',
             'Conseil / Expertise RH',
             6,
             9);INSERT INTO gcm(id,
                code,
                libelle,
                niveau,
                filiere_id)
     VALUES (244,
             'HRSP',
             'Conseil / Expertise RH',
             7,
             9);INSERT INTO gcm(id,
                code,
                libelle,
                niveau,
                filiere_id)
     VALUES (245,
             'HRSP',
             'Conseil / Expertise RH',
             8,
             9);INSERT INTO gcm(id,
                code,
                libelle,
                niveau,
                filiere_id)
     VALUES (246,
             'ACC',
             'Accounting Supporter',
             2,
             10);INSERT INTO gcm(id,
                code,
                libelle,
                niveau,
                filiere_id)
     VALUES (247,
             'ACC',
             'Accounting Supporter',
             3,
             10);INSERT INTO gcm(id,
                code,
                libelle,
                niveau,
                filiere_id)
     VALUES (248,
             'ACC',
             'Accountant',
             4,
             10);INSERT INTO gcm(id,
                code,
                libelle,
                niveau,
                filiere_id)
     VALUES (249,
             'ACC',
             'Accountant',
             5,
             10);INSERT INTO gcm(id,
                code,
                libelle,
                niveau,
                filiere_id)
     VALUES (250,
             'ACC',
             'Accountant',
             6,
             10);INSERT INTO gcm(id,
                code,
                libelle,
                niveau,
                filiere_id)
     VALUES (251,
             'ACC',
             'Chief Accountant',
             7,
             10);INSERT INTO gcm(id,
                code,
                libelle,
                niveau,
                filiere_id)
     VALUES (252,
             'ACC',
             'Chief Accountant',
             8,
             10);INSERT INTO gcm(id,
                code,
                libelle,
                niveau,
                filiere_id)
     VALUES (253,
             'COR',
             'Consulidation & Reporting Supporter',
             2,
             10);INSERT INTO gcm(id,
                code,
                libelle,
                niveau,
                filiere_id)
     VALUES (254,
             'COR',
             'Consulidation & Reporting Supporter',
             3,
             10);INSERT INTO gcm(id,
                code,
                libelle,
                niveau,
                filiere_id)
     VALUES (255,
             'COR',
             'Consulidation & Reporting Specialist',
             4,
             10);INSERT INTO gcm(id,
                code,
                libelle,
                niveau,
                filiere_id)
     VALUES (256,
             'COR',
             'Consulidation & Reporting Specialist',
             5,
             10);INSERT INTO gcm(id,
                code,
                libelle,
                niveau,
                filiere_id)
     VALUES (257,
             'COR',
             'Consulidation & Reporting Specialist',
             6,
             10);INSERT INTO gcm(id,
                code,
                libelle,
                niveau,
                filiere_id)
     VALUES (258,
             'COR',
             'Consulidation & Reporting Manager',
             7,
             10);INSERT INTO gcm(id,
                code,
                libelle,
                niveau,
                filiere_id)
     VALUES (259,
             'COR',
             'Consulidation & Reporting Manager',
             8,
             10);INSERT INTO gcm(id,
                code,
                libelle,
                niveau,
                filiere_id)
     VALUES (260,
             'FBA',
             'Financial Business Analyst',
             4,
             10);INSERT INTO gcm(id,
                code,
                libelle,
                niveau,
                filiere_id)
     VALUES (261,
             'FBA',
             'Financial Business Analyst',
             5,
             10);INSERT INTO gcm(id,
                code,
                libelle,
                niveau,
                filiere_id)
     VALUES (262,
             'FBA',
             'Financial Business Analyst',
             6,
             10);INSERT INTO gcm(id,
                code,
                libelle,
                niveau,
                filiere_id)
     VALUES (263,
             'FBA',
             'Manager Financial Business',
             7,
             10);INSERT INTO gcm(id,
                code,
                libelle,
                niveau,
                filiere_id)
     VALUES (264,
             'FBA',
             'Manager Financial Business',
             8,
             10);INSERT INTO gcm(id,
                code,
                libelle,
                niveau,
                filiere_id)
     VALUES (265,
             'FMG',
             'Financial Manager',
             6,
             10);INSERT INTO gcm(id,
                code,
                libelle,
                niveau,
                filiere_id)
     VALUES (266,
             'FMG',
             'Financial Manager',
             7,
             10);INSERT INTO gcm(id,
                code,
                libelle,
                niveau,
                filiere_id)
     VALUES (267,
             'FMG',
             'Financial Manager',
             8,
             10);INSERT INTO gcm(id,
                code,
                libelle,
                niveau,
                filiere_id)
     VALUES (268,
             'TAX',
             'Tax Specialist',
             5,
             10);INSERT INTO gcm(id,
                code,
                libelle,
                niveau,
                filiere_id)
     VALUES (269,
             'TAX',
             'Tax Manager',
             6,
             10);INSERT INTO gcm(id,
                code,
                libelle,
                niveau,
                filiere_id)
     VALUES (270,
             'TAX',
             'Tax Manager',
             7,
             10);INSERT INTO gcm(id,
                code,
                libelle,
                niveau,
                filiere_id)
     VALUES (271,
             'TAX',
             'Tax Manager',
             8,
             10);INSERT INTO gcm(id,
                code,
                libelle,
                niveau,
                filiere_id)
     VALUES (272,
             'TAX',
             'Tax Manager',
             9,
             10);INSERT INTO gcm(id,
                code,
                libelle,
                niveau,
                filiere_id)
     VALUES (273,
             'TRE',
             'Treasury Backoffice ',
             4,
             10);INSERT INTO gcm(id,
                code,
                libelle,
                niveau,
                filiere_id)
     VALUES (274,
             'TRE',
             'Treasury Specialist',
             5,
             10);INSERT INTO gcm(id,
                code,
                libelle,
                niveau,
                filiere_id)
     VALUES (275,
             'TRE',
             'Treasury Manager',
             6,
             10);INSERT INTO gcm(id,
                code,
                libelle,
                niveau,
                filiere_id)
     VALUES (276,
             'TRE',
             'Treasury Manager',
             7,
             10);INSERT INTO gcm(id,
                code,
                libelle,
                niveau,
                filiere_id)
     VALUES (277,
             'TRE',
             'Treasury Manager',
             8,
             10);INSERT INTO gcm(id,
                code,
                libelle,
                niveau,
                filiere_id)
     VALUES (278,
             'TRE',
             'Treasury Manager',
             9,
             10);INSERT INTO gcm(id,
                code,
                libelle,
                niveau,
                filiere_id)
     VALUES (279,
             'AUD',
             'Audit Interne',
             5,
             11);INSERT INTO gcm(id,
                code,
                libelle,
                niveau,
                filiere_id)
     VALUES (280,
             'AUD',
             'Audit Interne',
             6,
             11);INSERT INTO gcm(id,
                code,
                libelle,
                niveau,
                filiere_id)
     VALUES (281,
             'AUD',
             'Audit Interne',
             7,
             11);INSERT INTO gcm(id,
                code,
                libelle,
                niveau,
                filiere_id)
     VALUES (282,
             'AUD',
             'Audit Interne',
             8,
             11);INSERT INTO gcm(id,
                code,
                libelle,
                niveau,
                filiere_id)
     VALUES (283,
             'AUD',
             'Audit Interne',
             9,
             11);INSERT INTO gcm(id,
                code,
                libelle,
                niveau,
                filiere_id)
     VALUES (284,
             'COM',
             'Communication Supporter',
             2,
             12);INSERT INTO gcm(id,
                code,
                libelle,
                niveau,
                filiere_id)
     VALUES (285,
             'COM',
             'Communication Supporter',
             3,
             12);INSERT INTO gcm(id,
                code,
                libelle,
                niveau,
                filiere_id)
     VALUES (286,
             'COM',
             'Communication Expert',
             4,
             12);INSERT INTO gcm(id,
                code,
                libelle,
                niveau,
                filiere_id)
     VALUES (287,
             'COM',
             'Communication Expert',
             5,
             12);INSERT INTO gcm(id,
                code,
                libelle,
                niveau,
                filiere_id)
     VALUES (288,
             'COM',
             'Communication Manager',
             6,
             12);INSERT INTO gcm(id,
                code,
                libelle,
                niveau,
                filiere_id)
     VALUES (289,
             'COM',
             'Communication Manager',
             7,
             12);INSERT INTO gcm(id,
                code,
                libelle,
                niveau,
                filiere_id)
     VALUES (290,
             'COM',
             'Communication Manager',
             8,
             12);INSERT INTO gcm(id,
                code,
                libelle,
                niveau,
                filiere_id)
     VALUES (291,
             'LEGA',
             'Support Juridique',
             2,
             13);INSERT INTO gcm(id,
                code,
                libelle,
                niveau,
                filiere_id)
     VALUES (292,
             'LEGA',
             'Support Juridique',
             3,
             13);INSERT INTO gcm(id,
                code,
                libelle,
                niveau,
                filiere_id)
     VALUES (293,
             'LEGA',
             'Support Juridique',
             4,
             13);INSERT INTO gcm(id,
                code,
                libelle,
                niveau,
                filiere_id)
     VALUES (294,
             'LEGA',
             'Support Juridique',
             5,
             13);INSERT INTO gcm(id,
                code,
                libelle,
                niveau,
                filiere_id)
     VALUES (295,
             'LEGA',
             'Support Juridique',
             6,
             13);INSERT INTO gcm(id,
                code,
                libelle,
                niveau,
                filiere_id)
     VALUES (296,
             'LEGA',
             'Support Juridique',
             7,
             13);INSERT INTO gcm(id,
                code,
                libelle,
                niveau,
                filiere_id)
     VALUES (297,
             'LEGA',
             'Support Juridique',
             8,
             13);INSERT INTO gcm(id,
                code,
                libelle,
                niveau,
                filiere_id)
     VALUES (298,
             'LEGA',
             'Support Juridique',
             9,
             13);INSERT INTO gcm(id,
                code,
                libelle,
                niveau,
                filiere_id)
     VALUES (299,
             'PUR',
             'Support Achat',
             2,
             14);INSERT INTO gcm(id,
                code,
                libelle,
                niveau,
                filiere_id)
     VALUES (300,
             'PUR',
             'Support Achat',
             3,
             14);INSERT INTO gcm(id,
                code,
                libelle,
                niveau,
                filiere_id)
     VALUES (301,
             'PUR',
             'Acheteur Assitant',
             4,
             14);INSERT INTO gcm(id,
                code,
                libelle,
                niveau,
                filiere_id)
     VALUES (302,
             'PUR',
             'Acheteur',
             5,
             14);INSERT INTO gcm(id,
                code,
                libelle,
                niveau,
                filiere_id)
     VALUES (303,
             'PUR',
             'Acheteur',
             6,
             14);INSERT INTO gcm(id,
                code,
                libelle,
                niveau,
                filiere_id)
     VALUES (304,
             'PUR',
             'Acheteur',
             7,
             14);INSERT INTO gcm(id,
                code,
                libelle,
                niveau,
                filiere_id)
     VALUES (305,
             'PUR',
             'Acheteur',
             8,
             14);INSERT INTO gcm(id,
                code,
                libelle,
                niveau,
                filiere_id)
     VALUES (306,
             'PUR',
             'Acheteur',
             9,
             14);INSERT INTO gcm(id,
                code,
                libelle,
                niveau,
                filiere_id)
     VALUES (307,
             'FACI',
             'Facility Supporter',
             1,
             15);INSERT INTO gcm(id,
                code,
                libelle,
                niveau,
                filiere_id)
     VALUES (308,
             'FACI',
             'Facility Supporter',
             2,
             15);INSERT INTO gcm(id,
                code,
                libelle,
                niveau,
                filiere_id)
     VALUES (309,
             'FACI',
             'Facility Officer',
             3,
             15);INSERT INTO gcm(id,
                code,
                libelle,
                niveau,
                filiere_id)
     VALUES (310,
             'FACI',
             'Facility Officer',
             4,
             15);INSERT INTO gcm(id,
                code,
                libelle,
                niveau,
                filiere_id)
     VALUES (311,
             'FACI',
             'Facility Manager',
             5,
             15);INSERT INTO gcm(id,
                code,
                libelle,
                niveau,
                filiere_id)
     VALUES (312,
             'FACI',
             'Facility Manager',
             6,
             15);INSERT INTO gcm(id,
                code,
                libelle,
                niveau,
                filiere_id)
     VALUES (313,
             'FACI',
             'Facility Manager',
             7,
             15);INSERT INTO gcm(id,
                code,
                libelle,
                niveau,
                filiere_id)
     VALUES (314,
             'FACI',
             'Facility Manager',
             8,
             15);INSERT INTO gcm(id,
                code,
                libelle,
                niveau,
                filiere_id)
     VALUES (315,
             'MASS',
             'Secretary',
             1,
             16);INSERT INTO gcm(id,
                code,
                libelle,
                niveau,
                filiere_id)
     VALUES (316,
             'MASS',
             'Secretary',
             2,
             16);INSERT INTO gcm(id,
                code,
                libelle,
                niveau,
                filiere_id)
     VALUES (317,
             'MASS',
             'Management Assistant',
             3,
             16);INSERT INTO gcm(id,
                code,
                libelle,
                niveau,
                filiere_id)
     VALUES (318,
             'MASS',
             'Executive Assistant',
             4,
             16);INSERT INTO gcm(id,
                code,
                libelle,
                niveau,
                filiere_id)
     VALUES (319,
             'RECP',
             'Receptionist',
             3,
             16);INSERT INTO gcm(id,
                code,
                libelle,
                niveau,
                filiere_id)
     VALUES (320,
             'RECP',
             'Receptionist',
             4,
             16);INSERT INTO gcm(id,
                code,
                libelle,
                niveau,
                filiere_id)
     VALUES (321,
             'DOC',
             'Docteur',
             5,
             17);INSERT INTO gcm(id,
                code,
                libelle,
                niveau,
                filiere_id)
     VALUES (322,
             'DOC',
             'Docteur',
             6,
             17);INSERT INTO gcm(id,
                code,
                libelle,
                niveau,
                filiere_id)
     VALUES (323,
             'DOC',
             'Docteur',
             7,
             17);INSERT INTO gcm(id,
                code,
                libelle,
                niveau,
                filiere_id)
     VALUES (324,
             'DOC',
             'Docteur',
             8,
             17);INSERT INTO gcm(id,
                code,
                libelle,
                niveau,
                filiere_id)
     VALUES (325,
             'HCP',
             'Infirmière',
             5,
             17);INSERT INTO gcm(id,
                code,
                libelle,
                niveau,
                filiere_id)
     VALUES (326,
             'HCP',
             'Infirmière',
             6,
             17);INSERT INTO gcm(id,
                code,
                libelle,
                niveau,
                filiere_id)
     VALUES (327,
             'HCP',
             'Infirmière',
             7,
             17);INSERT INTO filiere(id, libelle)
     VALUES (1, 'Management');INSERT INTO filiere(id, libelle)
     VALUES (2, 'Developpement et Maintenance de Systèmes');INSERT INTO filiere(id, libelle)
     VALUES (3, 'Production Administration');INSERT INTO filiere(id, libelle)
     VALUES (4, 'Conseil');INSERT INTO filiere(id, libelle)
     VALUES (5, 'Qualité');INSERT INTO filiere(id, libelle)
     VALUES (6, 'Relations Clients');INSERT INTO filiere(id, libelle)
     VALUES (7, 'Formation');INSERT INTO filiere(id, libelle)
     VALUES (8, 'Support & Administration');INSERT INTO filiere(id, libelle)
     VALUES (9, 'Ressources Humaines');INSERT INTO filiere(id, libelle)
     VALUES (10, 'Finance & Accounting');INSERT INTO filiere(id, libelle)
     VALUES (11, 'Internal Audit');INSERT INTO filiere(id, libelle)
     VALUES (12, 'Communication');INSERT INTO filiere(id, libelle)
     VALUES (13, 'Affaires Juridiques');INSERT INTO filiere(id, libelle)
     VALUES (14, 'Achats');INSERT INTO filiere(id, libelle)
     VALUES (15, 'Facility Management');INSERT INTO filiere(id, libelle)
     VALUES (16, 'Management and Office Support');INSERT INTO filiere(id, libelle)
     VALUES (17, 'Services Médicaux');INSERT INTO utilisateur(user_id,
                        password,
                        role,
                        statut,
                        collab_id)
     VALUES (1,
             '18bd56017275d1d3aad29b30dc559265',
             'ADMINISTRATEUR',
             'ACTIF',
             1);INSERT INTO utilisateur(user_id,
                        password,
                        role,
                        statut,
                        collab_id)
     VALUES (2,
             '18bd56017275d1d3aad29b30dc559265',
             'ADMINISTRATEUR',
             'ACTIF',
             2);INSERT INTO utilisateur(user_id,
                        password,
                        role,
                        statut,
                        collab_id)
     VALUES (3,
             '18bd56017275d1d3aad29b30dc559265',
             'ADMINISTRATEUR',
             'ACTIF',
             3);INSERT INTO utilisateur(user_id,
                        password,
                        role,
                        statut,
                        collab_id)
     VALUES (4,
             '4f5c720b3b5e5deff3b5c2416d30c47d',
             'UTILISATEUR',
             'ACTIF',
             6);INSERT INTO client(id, nom)
     VALUES (1, 'Auchan');INSERT INTO client(id, nom)
     VALUES (2, 'Conseil Régional NPdC');INSERT INTO client(id, nom)
     VALUES (3, 'Cofidis');INSERT INTO client(id, nom)
     VALUES (4, 'AG2R');INSERT INTO client(id, nom)
     VALUES (5, 'Swisslife');INSERT INTO client(id, nom)
     VALUES (6, 'Experian');INSERT INTO client(id, nom)
     VALUES (7, 'Société générale');INSERT INTO client(id, nom)
     VALUES (8, 'CEGEDIM');INSERT INTO client(id, nom)
     VALUES (9, 'SIGMAP');INSERT INTO client(id, nom)
     VALUES (10, 'IT-CE');INSERT INTO client(id, nom)
     VALUES (11, 'AXA');INSERT INTO client(id, nom)
     VALUES (12, 'La Banque Postale');INSERT INTO client(id, nom)
     VALUES (13, 'Banque Accord');INSERT INTO client(id, nom)
     VALUES (14, 'Nexity');INSERT INTO client(id, nom)
     VALUES (15, 'GIE Innovation Santé');INSERT INTO client(id, nom)
     VALUES (16, 'CA-CF');INSERT INTO client(id, nom)
     VALUES (17, 'SNCF');INSERT INTO stock(id,
                  pki,
                  otp,
                  lecteurs,
                  departement_id)
     VALUES (1,
             10,
             10,
             50,
             NULL);INSERT INTO stock(id,
                  pki,
                  otp,
                  lecteurs,
                  departement_id)
     VALUES (2,
             47,
             11,
             50,
             NULL);INSERT INTO stock(id,
                  pki,
                  otp,
                  lecteurs,
                  departement_id)
     VALUES (3,
             10,
             0,
             0,
             NULL);INSERT INTO stock(id,
                  pki,
                  otp,
                  lecteurs,
                  departement_id)
     VALUES (4,
             21,
             7,
             7,
             NULL);INSERT INTO stock(id,
                  pki,
                  otp,
                  lecteurs,
                  departement_id)
     VALUES (5,
             0,
             2,
             2,
             NULL);INSERT INTO stock(id,
                  pki,
                  otp,
                  lecteurs,
                  departement_id)
     VALUES (6,
             0,
             1,
             1,
             NULL);INSERT INTO stock(id,
                  pki,
                  otp,
                  lecteurs,
                  departement_id)
     VALUES (7,
             3,
             2,
             2,
             NULL);INSERT INTO stock(id,
                  pki,
                  otp,
                  lecteurs,
                  departement_id)
     VALUES (14,
             0,
             0,
             0,
             NULL);INSERT INTO bench(id,
                  commentaire,
                  date_debut,
                  date_fin,
                  collab)
     VALUES (1,
             'nouveau bench',
             '2016-04-01',
             '9999-12-31',
             1);INSERT INTO bench(id,
                  commentaire,
                  date_debut,
                  date_fin,
                  collab)
     VALUES (2,
             'bench de jean paul',
             '2016-06-01',
             '9999-12-31',
             4);INSERT INTO bench(id,
                  commentaire,
                  date_debut,
                  date_fin,
                  collab)
     VALUES (3,
             NULL,
             '2016-03-01',
             '2016-04-01',
             5);INSERT INTO departement_stock(id_departement, id_stock, id)
     VALUES (1, 1, 1);INSERT INTO faq_question_reponse(id,
                                 question,
                                 reponse,
                                 faq_question_reponse_suivante_id,
                                 faq_theme_id)
     VALUES (1,
             'La troisième QR du thème 1',
             'Quelle belle réponse',
             NULL,
             3);INSERT INTO faq_question_reponse(id,
                                 question,
                                 reponse,
                                 faq_question_reponse_suivante_id,
                                 faq_theme_id)
     VALUES (2,
             'La deuxième QR du thème 1',
             'Une autre réponse',
             1,
             3);INSERT INTO faq_question_reponse(id,
                                 question,
                                 reponse,
                                 faq_question_reponse_suivante_id,
                                 faq_theme_id)
     VALUES (3,
             'La première QR du thème 1',
             'Voici la réponse',
             2,
             3);INSERT INTO faq_question_reponse(id,
                                 question,
                                 reponse,
                                 faq_question_reponse_suivante_id,
                                 faq_theme_id)
     VALUES (4,
             'La question du thème 2',
             'Voici la réponse',
             NULL,
             2);INSERT INTO responsable_client(id,
                               mail,
                               nom,
                               prenom,
                               telephone,
                               client_id)
     VALUES (1,
             'tim.cook@apple.com',
             'COOK',
             'Tim',
             '+33657575757',
             1);INSERT INTO responsable_client(id,
                               mail,
                               nom,
                               prenom,
                               telephone,
                               client_id)
     VALUES (2,
             'steve.jobs@god.com',
             'JOBS',
             'Steve',
             NULL,
             2);INSERT INTO responsable_client(id,
                               mail,
                               nom,
                               prenom,
                               telephone,
                               client_id)
     VALUES (3,
             'mark.zuckerberg@facebook.com',
             'ZUCKERBERG',
             'Mark',
             '+33349587465',
             3);INSERT INTO token(token_id,
                  `dasId`,
                  timeout,
                  token)
     VALUES (25,
             'FR25055',
             '2017-01-19 21:06:51.0',
             'LTIxMTU1MjM2ODg=');INSERT INTO activite(id, agence_id, client_id)
     VALUES (1, 2, 1);INSERT INTO activite(id, agence_id, client_id)
     VALUES (2, 4, 2);INSERT INTO activite(id, agence_id, client_id)
     VALUES (3, 1, 3);INSERT INTO activite(id, agence_id, client_id)
     VALUES (4, 1, 4);INSERT INTO activite(id, agence_id, client_id)
     VALUES (5, 1, 5);INSERT INTO activite(id, agence_id, client_id)
     VALUES (6, 1, 6);INSERT INTO activite(id, agence_id, client_id)
     VALUES (7, 1, 7);INSERT INTO activite(id, agence_id, client_id)
     VALUES (8, 1, 8);INSERT INTO activite(id, agence_id, client_id)
     VALUES (9, 1, 9);INSERT INTO activite(id, agence_id, client_id)
     VALUES (10, 1, 10);INSERT INTO activite(id, agence_id, client_id)
     VALUES (11, 1, 11);INSERT INTO activite(id, agence_id, client_id)
     VALUES (12, 1, 12);INSERT INTO activite(id, agence_id, client_id)
     VALUES (13, 1, 13);INSERT INTO activite(id, agence_id, client_id)
     VALUES (14, 1, 14);INSERT INTO activite(id, agence_id, client_id)
     VALUES (15, 1, 15);INSERT INTO activite(id, agence_id, client_id)
     VALUES (16, 1, 16);INSERT INTO activite(id, agence_id, client_id)
     VALUES (17, 4, 17);INSERT INTO mission(id,
                    commentaire,
                    date_debut,
                    date_fin,
                    descriptif,
                    is_internal_revenue,
                    collab,
                    activite,
                    staffeur)
     VALUES (1,
             'mission de la plus haute importance',
             '2016-02-01',
             '2016-04-01',
             'ce fut intéressant',
             TRUE,
             1,
             1,
             2);INSERT INTO mission(id,
                    commentaire,
                    date_debut,
                    date_fin,
                    descriptif,
                    is_internal_revenue,
                    collab,
                    activite,
                    staffeur)
     VALUES (2,
             'mission assez importante',
             '2016-06-01',
             '2016-07-01',
             'on se motive pour cette mission',
             FALSE,
             3,
             9,
             1);INSERT INTO collab(id,
                   `dasId`,
                   mail,
                   nom,
                   prenom,
                   telephone,
                   gcm_id,
                   metier_id,
                   id_stock)
     VALUES (1,
             'FR25055',
             'alain.dhennin@atos.net',
             'DHENNIN',
             'Alain',
             NULL,
             11,
             5,
             2);INSERT INTO collab(id,
                   `dasId`,
                   mail,
                   nom,
                   prenom,
                   telephone,
                   gcm_id,
                   metier_id,
                   id_stock)
     VALUES (2,
             'A602557',
             'quentin.bauduin@atos.net',
             'BAUDUIN',
             'Quentin',
             '+33626438991',
             18,
             7,
             3);INSERT INTO collab(id,
                   `dasId`,
                   mail,
                   nom,
                   prenom,
                   telephone,
                   gcm_id,
                   metier_id,
                   id_stock)
     VALUES (3,
             'A607026',
             'pierre.lefebvre@atos.net',
             'LEFEBVRE',
             'Pierre',
             '+33671435552',
             17,
             7,
             5);INSERT INTO collab(id,
                   `dasId`,
                   mail,
                   nom,
                   prenom,
                   telephone,
                   gcm_id,
                   metier_id,
                   id_stock)
     VALUES (4,
             'A147449',
             'jean-paul.masquelier@atos.net',
             'MASQUELIER',
             'Jean-Paul',
             '+33612656495',
             1,
             7,
             14);INSERT INTO collab(id,
                   `dasId`,
                   mail,
                   nom,
                   prenom,
                   telephone,
                   gcm_id,
                   metier_id,
                   id_stock)
     VALUES (5,
             'A589435',
             'emmanuel.tellier@atos.net',
             'TELLIER',
             'Emmanuel',
             NULL,
             235,
             7,
             6);INSERT INTO collab(id,
                   `dasId`,
                   mail,
                   nom,
                   prenom,
                   telephone,
                   gcm_id,
                   metier_id,
                   id_stock)
     VALUES (6,
             'S250465',
             'benjamin.jakubowski@atos.net',
             'JAKUBOWSKI',
             'Benjamin',
             '+33677991122',
             118,
             2,
             7);INSERT INTO stage(id,
                  commentaire,
                  date_debut,
                  date_fin,
                  collab)
     VALUES (1,
             'stage à Londres',
             '2016-01-01',
             '2016-03-01',
             6);INSERT INTO collab_stock(id_collab, id_stock, id)
     VALUES (1, 2, 1);INSERT INTO agence_collab(id,
                          date_entree,
                          date_sortie,
                          is_responsable,
                          agence_id,
                          collab_id)
     VALUES (1,
             '2015-06-01',
             '9999-12-31',
             TRUE,
             5,
             1);INSERT INTO agence_collab(id,
                          date_entree,
                          date_sortie,
                          is_responsable,
                          agence_id,
                          collab_id)
     VALUES (2,
             '2012-06-04',
             '9999-12-31',
             FALSE,
             4,
             2);INSERT INTO agence_collab(id,
                          date_entree,
                          date_sortie,
                          is_responsable,
                          agence_id,
                          collab_id)
     VALUES (3,
             '2015-05-18',
             '9999-12-31',
             FALSE,
             2,
             3);INSERT INTO agence_collab(id,
                          date_entree,
                          date_sortie,
                          is_responsable,
                          agence_id,
                          collab_id)
     VALUES (4,
             '2014-09-01',
             '9999-12-31',
             FALSE,
             6,
             5);INSERT INTO agence_collab(id,
                          date_entree,
                          date_sortie,
                          is_responsable,
                          agence_id,
                          collab_id)
     VALUES (5,
             '2011-04-01',
             '9999-12-31',
             TRUE,
             1,
             6);INSERT INTO metier(id, libelle)
     VALUES (1, 'Ingénieur d''Affaire');INSERT INTO metier(id, libelle)
     VALUES (2, 'Responsable d''Agence');INSERT INTO metier(id, libelle)
     VALUES (3, 'Directeur de département');INSERT INTO metier(id, libelle)
     VALUES (4, 'Resource Manager');INSERT INTO metier(id, libelle)
     VALUES (5, 'Directeur Technique');INSERT INTO metier(id, libelle)
     VALUES (6, 'Team Leader');INSERT INTO metier(id, libelle)
     VALUES (7, 'Collaborateur');COMMIT;